-- CS4400: Introduction to Database Systems: Monday, October 13, 2025
-- ER Management System Phase II Insert Statements Key

/* This is a standard preamble for most of our scripts.  The intent is to establish
a consistent environment for the database behavior. */
set global transaction isolation level serializable;
set global SQL_MODE = 'ANSI,TRADITIONAL';
set session SQL_MODE = 'ANSI,TRADITIONAL';
set names utf8mb4;
set SQL_SAFE_UPDATES = 0;

set @thisDatabase = 'er_hospital_management';
use er_hospital_management;

-- Insert data into the tables

insert into person values 
('123-45-6789', 'James', 'Stevens', '1989-01-17', '182 Main St'),
('987-65-4321', 'Emily', 'Roberts', '1992-05-24', '75 Oakwood Ave'), 
('456-78-9012', 'Michael', 'Johnson', '1985-09-12', '230 Pine St'),  
('321-54-9876', 'Sarah', 'Thompson', '1990-03-05', '18 Maple Dr'),  
('654-32-1098', 'David', 'Anderson', '1978-07-29', '401 Elm St'),  
('789-12-3456', 'Laura', 'Martinez', '1995-11-08', '62 Birch Ln'),  
('210-98-7654', 'Christopher', 'Wilson', '1983-02-15', '89 Cedar Ct'),  
('345-67-8901', 'Jessica', 'Harris', '1991-06-20', '155 Spruce Rd'),  
('567-89-0123', 'Daniel', 'Clark', '1980-04-30', '303 Willow Blvd'),  
('876-54-3210', 'Amanda', 'Lewis', '1994-08-14', '27 Aspen Way'),
('112-23-4567', 'Akira', 'Tanaka', '1987-12-03', '742 Cherry Blossom Ln'),
('223-34-5678', 'Fatima', 'Hassan', '1993-07-21', '15 Crescent Moon Dr'),  
('334-45-6789', 'Liam', 'Connel', '1975-10-10', '98 Cloverfield Ct'), 
('445-56-7890', 'Elena', 'Vasquez', '1989-04-27', '204 Sunset Blvd'), 
('556-67-8901', 'Rajesh', 'Patel', '1996-09-18', '66 Lotus Way'),  
('667-78-9012', 'Ingrid', 'Lund', '1981-02-05', '301 Fjord St'),
('698-78-2091', 'Alex', 'Wang', '1987-03-12', '45 Park Ln'),
('913-89-1548', 'Malcolm', 'Moore', '1976-05-17', '413 Old Ridge Dr'),
('106-30-2043', 'Akshita', 'Kapoor' ,'1985-05-21', '489 Breezeedge Rd'),
('245-43-5769', 'Priya', 'Kapoor' ,'1982-10-12', '489 Breezeedge Rd'),
('678-34-8901', 'Brad', 'DiCaprio' ,'1943-10-12', '32 Palm Beach Ln'),
('830-29-3948', 'Karina', 'Diwan' ,'1973-10-12', '53 Palm Beach Ln');

insert into patient values
('112-23-4567', 2375, '415-789-2345'),
('223-34-5678', 4890, '212-456-7890'),
('334-45-6789', 3100, '646-987-6543'), 
('445-56-7890', 1520, '305-222-9087'),  
('556-67-8901', 4675, '718-555-1234'),  
('667-78-9012', 2895, '503-321-6789'),
('698-78-2091', 3214, '612-438-9023'),  
('987-65-4321', 540, '917-654-3210'),  
('456-78-9012', 3990, '650-888-4567'),
('830-29-3948', 5000, '650-890-5934');

insert into staff values
('321-54-9876', 102345, '2017-06-15', 120000),  
('654-32-1098', 204567, '2020-03-22', 250000),  
('789-12-3456', 309876, '2018-09-10', 98000),  
('210-98-7654', 456789, '2015-11-05', 180000),  
('345-67-8901', 567890, '2019-07-30', 95000),  
('567-89-0123', 678901, '2021-04-18', 78000),  
('876-54-3210', 789012, '2016-02-27', 110000),  
('123-45-6789', 890123, '2022-01-09', 74000),
('913-89-1548', 103674, '2014-03-05', 275000),  
('223-34-5678', 901234, '2019-12-12', 200000),
('667-78-9012', 345678, '2020-05-20', 120000),
('698-78-2091', 436701, '2018-05-23', 135000),
('106-30-2043', 728945, '2016-05-21', 115000),
('245-43-5769', 830465, '2018-10-21', 180000),
('678-34-8901', 390487, '2014-10-12', 240000);

insert into doctor values
('654-32-1098', 7352984, 11),  
('210-98-7654', 8421765, 7),  
('223-34-5678', 9215437, 15),
('245-43-5769', 294648, 18),
('678-34-8901', 583496, 5);

insert into nurse values
('345-67-8901', 'Morning', '2026-08-14'),  
('876-54-3210', 'Night', '2025-11-30'),  
('123-45-6789', 'Afternoon', '2026-04-22'),
('106-30-2043', 'Night', '2026-05-21');

insert into department values
(1, 'Cardiology', '321-54-9876'),
(2, 'Primary Care', '567-89-0123'),
(4, 'Ophthalmology', '667-78-9012');

insert into room values 
(1234, 'Shared', 1, '112-23-4567'),
(2567, 'Private', 1, NULL),
(3902, 'Shared', 1, '334-45-6789'),
(4789, 'Private', 2, NULL),
(5567, 'Private', 2, '445-56-7890'),
(6123, 'Shared', 4, NULL),
(7234, 'Private', 4, NULL),
(8811, 'Shared', 4, '556-67-8901'),
(3862, 'Private', 2, '830-29-3948');

insert into med_order values
(4156, '2025-03-02', 4, '112-23-4567', '654-32-1098', 200),
(1998, '2025-02-24', 5, '112-23-4567', '654-32-1098', 175),
(1003, '2025-02-19', 2, '445-56-7890', '210-98-7654', 250),
(2034, '2025-02-25', 3, '556-67-8901', '654-32-1098', 150);

insert into prescription values
(1998, 'Warfarin', 400),
(1003, 'Oxycodone', 80);

insert into lab_work values
(4156, 'Cardiac enzyme panel'),
(2034, 'X-ray');

insert into appointment values
('112-23-4567', '2025-02-23', '08:17:21', 520),
('334-45-6789', '2025-02-24', '14:51:18', 520),
('445-56-7890', '2025-02-20', '07:30:52', 300),
('456-78-9012', '2025-12-28', '15:30:00', 750),
('556-67-8901', '2025-02-22', '06:44:01', 700),
('667-78-9012', '2025-02-25', '16:10:32', 100),
('987-65-4321', '2025-02-28', '12:51:00', 520);

insert into symptom values
('Numbness in fingers', 2, '112-23-4567', '2025-02-23', '08:17:21'),
('Migraine', 1, '334-45-6789', '2025-02-24', '14:51:18'),
('Blurry vision', 7, '334-45-6789', '2025-02-24', '14:51:18'),
('Blurry vision', 40, '445-56-7890', '2025-02-20', '07:30:52'),
('Sensitivity to bright light', 35, '556-67-8901', '2025-02-22', '06:44:01'),
('Stiffness', 2, '556-67-8901', '2025-02-22', '06:44:01'),
('Seeing halos around objects', 10, '667-78-9012', '2025-02-25', '16:10:32');

insert into room_assignment values
(1234, '345-67-8901'),
(2567, '345-67-8901'),
(3902, '876-54-3210'),
(4789, '876-54-3210'),
(5567, '876-54-3210'),
(6123, '876-54-3210'),
(7234, '345-67-8901'),
(8811, '123-45-6789'),
(1234, '106-30-2043'),
(2567, '106-30-2043'),
(3862, '106-30-2043');

insert into works_in values
('321-54-9876', 1),  
('789-12-3456', 1),  
('789-12-3456', 2),
('567-89-0123', 2),
('913-89-1548', 2),  
('667-78-9012', 4),
('698-78-2091', 2),
('654-32-1098', 1),  
('210-98-7654', 2),  
('223-34-5678', 4),
('345-67-8901', 4),  
('876-54-3210', 4),  
('123-45-6789', 4),
('245-43-5769', 1),
('678-34-8901', 4),
('106-30-2043', 2);

insert into appt_assignment values
('112-23-4567', '2025-02-23', '08:17:21', '654-32-1098'),
('334-45-6789', '2025-02-24', '14:51:18', '654-32-1098'),
('445-56-7890', '2025-02-20', '07:30:52', '210-98-7654'),
('456-78-9012', '2025-12-28', '15:30:00', '223-34-5678'),
('456-78-9012', '2025-12-28', '15:30:00', '654-32-1098'),
('987-65-4321', '2025-02-28', '12:51:00', '210-98-7654'),
('987-65-4321', '2025-02-28', '12:51:00', '678-34-8901'),
('987-65-4321', '2025-02-28', '12:51:00', '245-43-5769');